,A,R,N,D,C,Q,E,G,H,I,L,K,M,F,P,S,T,W,Y,V,X
A,-1.058,0.085,0.008,0.026,0.142,0.067,0.061,0.113,0.037,0.044,0.072,0.059,0.069,0.045,0.065,0.233,0.113,0.02,0.037,0.161,0
R,0.055,-1.0279999999999998,0.075,0.013,0.018,0.153,0.061,0.025,0.084,0.017,0.031,0.222,0.007,0.017,0.022,0.032,0.049,0.016,0.026,0.002,0
N,0.005,0.075,-0.923,0.1,0.013,0.066,0.049,0.061,0.114,0.015,0.012,0.059,0.026,0.013,0.017,0.121,0.067,0.004,0.021,0.009,0
D,0.019,0.015,0.115,-0.784,0.021,0.065,0.189,0.042,0.039,0.024,0.004,0.03,0.012,0.022,0.041,0.074,0.043,0.008,0.012,0.012,0
C,0.029,0.005,0.004,0.006,-0.6869999999999999,0.004,0.0,0.004,0.006,0.015,0.015,0.004,0.019,0.01,0.005,0.015,0.015,0.009,0.009,0.014,0
Q,0.037,0.127,0.055,0.048,0.012,-1.301,0.181,0.017,0.063,0.0,0.021,0.1,0.127,0.006,0.034,0.066,0.032,0.024,0.047,0.025,0
E,0.056,0.086,0.069,0.233,0.001,0.307,-1.0010000000000001,0.023,0.093,0.011,0.014,0.15,0.02,0.021,0.046,0.087,0.046,0.018,0.029,0.043,0
G,0.106,0.036,0.088,0.052,0.02,0.03,0.023,-0.536,0.032,0.006,0.008,0.027,0.022,0.027,0.031,0.094,0.024,0.037,0.019,0.022,0
H,0.011,0.038,0.053,0.015,0.008,0.035,0.03,0.01,-0.8440000000000001,0.007,0.005,0.014,0.014,0.019,0.011,0.018,0.009,0.008,0.088,0.005,0
I,0.032,0.02,0.018,0.024,0.056,0.0,0.009,0.005,0.018,-1.543,0.282,0.002,0.135,0.111,0.012,0.036,0.03,0.009,0.04,0.595,0
L,0.088,0.058,0.022,0.006,0.089,0.048,0.018,0.011,0.022,0.465,-0.935,0.049,0.566,0.15,0.024,0.036,0.081,0.043,0.071,0.161,0
K,0.049,0.282,0.076,0.034,0.017,0.153,0.136,0.024,0.039,0.002,0.033,-1.004,0.07,0.017,0.048,0.092,0.043,0.017,0.03,0.04,0
M,0.02,0.032,0.012,0.005,0.028,0.07,0.006,0.007,0.014,0.054,0.138,0.025,-1.6350000000000002,0.051,0.014,0.03,0.019,0.026,0.018,0.083,0
F,0.022,0.013,0.01,0.014,0.024,0.006,0.011,0.014,0.031,0.074,0.06,0.01,0.084,-0.8740000000000001,0.005,0.024,0.021,0.077,0.241,0.022,0
P,0.045,0.023,0.018,0.038,0.016,0.043,0.035,0.022,0.025,0.011,0.013,0.04,0.033,0.008,-0.527,0.039,0.041,0.008,0.015,0.029,0
S,0.238,0.05,0.191,0.102,0.077,0.124,0.096,0.102,0.06,0.049,0.03,0.113,0.101,0.049,0.057,-1.1829999999999996,0.212,0.018,0.034,0.006,0
T,0.089,0.059,0.082,0.045,0.058,0.046,0.04,0.02,0.023,0.032,0.053,0.041,0.05,0.033,0.047,0.164,-0.992,0.033,0.027,0.116,0
W,0.003,0.004,0.001,0.002,0.008,0.007,0.003,0.007,0.005,0.002,0.006,0.003,0.015,0.027,0.002,0.003,0.007,-0.483,0.037,0.003,0
Y,0.016,0.017,0.014,0.007,0.019,0.037,0.013,0.009,0.125,0.023,0.025,0.015,0.026,0.209,0.009,0.014,0.014,0.094,-0.864,0.031,0
V,0.138,0.003,0.012,0.014,0.06,0.04,0.04,0.02,0.014,0.692,0.113,0.041,0.239,0.039,0.037,0.005,0.126,0.014,0.063,-1.379,0
X,0,0,0,0,0,0,0,0,0,0,0,0,0,0,0,0,0,0,0,0,0
